Student_ID,Hours_Studied,Attendance_Rate,Previous_Score,Has_Internet,Participates_Activities,Parent_Education,Final_Score
S0001,17.483570765056164,58.37412911295349,66.90790922950137,1,0,1,86.19917046903235
S0002,,,62.478435944094166,1,1,3,79.88366725180605
S0003,18.23844269050346,81.82151247718184,73.19174510419181,1,0,2,109.13738141471455
S0004,22.61514928204013,,83.40450446023145,0,0,2,62.21663035504014
S0005,13.82923312638332,51.5793072412821,51.248275303542556,1,0,1,82.77152553044964
S0006,13.829315215254097,96.81061231218449,71.15026079147417,1,1,2,67.06198485282731
S0007,22.896064077536955,52.59856418257362,68.3986720443336,0,0,3,61.960695195170345
S0008,18.837173645764544,77.06481676505352,76.71340076450466,1,0,3,74.83699294447541
S0009,12.652628070325239,85.45302597254582,72.1319662823769,1,0,2,77.06028719110554
S0010,17.712800217929825,93.54845618730428,62.48030668261181,0,1,1,118.77260332590139
S0011,,85.70434660662139,66.80946064333382,0,0,1,72.23781276475196
S0012,12.671351232148716,90.08640415348958,62.03974143196511,1,1,1,58.04731905772975
S0013,16.20981135783017,66.97250962714031,80.76007138598598,1,1,1,79.09516076241579
S0014,,90.7412556873256,70.21311648671943,1,1,1,29.059519191946443
S0015,,54.00574231923376,89.01190685753008,1,1,1,73.62064826093601
S0016,12.188562353795136,94.74083280302638,69.39339186185379,0,0,2,75.24037923442741
S0017,9.93584439832788,77.37961880768681,62.91593233089537,1,0,3,86.91900574417818
S0018,16.571236662976368,90.86488849812469,54.862856073871725,1,1,2,89.6043337414177
S0019,10.459879622393945,72.615914225915,51.96860323744055,0,0,3,67.44645571638424
S0020,7.938481493323542,82.17888475982625,54.158640569945106,1,1,2,72.74078978055101
S0021,22.32824384460777,76.32013304680567,72.67126651011483,1,1,1,63.508187540839934
S0022,13.871118497567322,86.5794760877666,,1,1,2,58.079061677884596
S0023,,54.08149910152948,54.188092979678665,0,1,1,79.64842169070951
S0024,7.8762590689327165,53.01760419952819,78.95038314076115,1,1,2,55.896216771051016
S0025,12.278086377374088,62.355161700507324,65.1693894831656,1,1,2,68.78059649142206
S0026,15.55461294854933,57.97723400565942,71.4679301198555,1,0,3,60.07239060151144
S0027,9.245032112888486,93.58917832961009,86.12220628255425,0,1,1,83.2452477943539
S0028,16.87849009172836,60.960699367902215,,1,0,1,102.02145148899731
S0029,11.996806550405974,98.79326279095656,67.31469352094167,1,0,3,55.476180257950034
S0030,13.541531251033616,66.84478958855534,61.08807774584713,1,1,1,47.20472275653646
S0031,11.991466938853016,,48.48184598670695,1,0,2,73.12669671974899
S0032,24.261390922544688,89.48492535712396,,1,0,2,75.23546693936638
S0033,14.932513876310331,,,1,0,3,78.27988960135947
S0034,9.711445355220498,74.90978582265694,60.12820472848816,1,1,3,68.30519227148483
S0035,19.112724560515943,77.76817754688156,68.68743032907695,1,1,3,71.99041051761853
S0036,8.895781750144888,,70.76851882958768,1,1,1,80.51265615810904
S0037,16.044317975023777,61.422737066564935,67.75144018191921,1,0,3,90.60646338967258
S0038,5.201649380601122,,63.4999741917654,1,1,2,45.674268445225756
S0039,8.359069755507846,98.73965810733915,71.68654671966728,1,1,2,69.46590841452807
S0040,15.984306179345618,82.51628431734684,74.41940649569409,1,0,1,78.20713190911596
S0041,18.692332899977053,59.97712254645725,59.096009225571535,0,0,2,61.23035843083896
S0042,15.856841405949853,84.01141212156458,84.10932379746271,1,0,3,100.96754447650949
S0043,,53.60992044895879,69.01411867715738,1,1,3,65.46885179656894
S0044,13.494481522053556,51.532625110290304,70.18849622944848,1,1,2,74.38060969489075
S0045,7.607390048162863,62.884144425560685,77.08214423256557,1,1,1,83.34033145263436
S0046,,73.13114783696582,72.33216131263502,1,0,2,66.13072816797158
S0047,12.696806145201062,93.41362527041903,79.53136633913245,1,1,3,47.301404282933746
S0048,20.285611131094576,86.3584534883154,72.87124165201824,1,1,2,68.570182096252
S0049,16.71809144784231,,63.87562625359562,1,1,2,90.44160833890561
S0050,6.18479922318633,71.27466672240377,73.61503525206102,1,1,1,69.94657309822293
S0051,16.620419846973974,67.29674962734815,58.56273792679338,1,0,2,62.30348547811532
S0052,13.074588597918417,68.55193814923014,71.08559705776523,1,0,2,88.88508314254082
S0053,11.615389998470206,99.3824781868029,69.6677000935554,0,1,3,70.03837655965421
S0054,18.05838144420434,52.005459570624126,67.9188314272746,0,1,2,67.34758779524674
S0055,20.154997612479754,93.35157480612243,68.71462488561069,1,1,2,77.24184134494965
S0056,19.656400595580994,78.93377042861967,,0,0,2,86.5612531442818
S0057,10.803912383886807,71.93077095947953,64.51275092259039,1,1,1,110.72570297598818
S0058,13.453938120743928,86.26288302075682,70.92844901141115,1,0,3,87.40854161486135
S0059,16.65631715701782,74.33344707123514,71.598563919974,1,0,2,92.39759949582516
S0060,19.877725635611796,93.67116190408302,59.72324859074042,1,1,2,67.41050701518218
S0061,12.60412881077355,95.03509320056293,82.65707840864701,1,1,2,59.61197841045785
S0062,14.071705116680914,71.08604634367276,61.33825151785499,1,0,2,75.93497024428684
S0063,9.468325129969859,63.841389861752575,79.69457200526736,1,0,2,76.60754872889395
S0064,9.018966879596647,79.61751642966811,74.27194361871685,1,0,2,58.82230887953104
S0065,19.062629111970992,95.61816728083454,63.53772690156197,0,0,1,72.37058205143981
S0066,21.781200142854114,,87.75310892609512,1,1,2,80.98976402578697
S0067,14.63994939209833,,58.0636316824352,0,1,1,80.4059009252712
S0068,20.01766448946012,81.57801100462603,79.19154173610002,1,0,2,82.56431780076409
S0069,16.80818012523817,86.65565112076405,80.00582318042979,1,1,1,79.36447095206165
S0070,11.774401226974378,56.57838425636299,63.293797909233554,0,1,2,67.39487011094917
S0071,16.80697802754207,85.79124823410443,83.92465300064329,1,1,3,67.29149060026735
S0072,22.690182832329846,,67.49953485401048,1,0,3,57.01572903009186
S0073,14.820869804450242,,72.88693629279857,1,1,2,101.77162558777643
S0074,22.82321827907003,61.87716624619388,72.6032183877122,1,0,2,75.2017554692894
S0075,1.9012744795512777,,68.65691258529452,1,0,1,71.62720416307722
S0076,19.10951252187612,59.04884763547449,78.10808273159782,0,0,2,61.06811877821312
S0077,15.435235341190856,92.71925466847895,77.93488720552213,1,0,3,119.03486853491668
S0078,,74.61389282240174,52.51468026761819,1,0,1,58.90007951665657
S0079,,62.36155372015885,83.04340242878152,1,0,2,68.5672811159089
S0080,5.0621554269955364,93.53749506362557,53.37508011964326,0,0,3,81.2375525442909
S0081,13.90164056081244,72.26526275013327,80.32546204341658,1,1,3,84.00319448616416
S0082,16.78556285755873,,81.26705136827583,1,1,1,89.36898082823527
S0083,22.38947022370758,67.96166846998828,59.09033569784802,1,0,2,102.11412761653895
S0084,,79.64754257174637,65.89185712045415,0,1,1,82.59236483191069
S0085,10.957531985534061,58.17619362925114,58.94295331514064,1,1,1,24.09838478109594
S0086,12.491214782077318,69.55407683258804,67.85078969711265,1,1,3,71.14582312317327
S0087,19.57701058851037,98.47061611676438,66.91965715814258,1,0,3,79.61748558770827
S0088,16.643755548298422,62.90667163505638,77.7966053226934,1,1,2,106.02339062258736
S0089,12.351198981164806,82.8368332270646,83.10308746119608,1,1,1,54.03291782363554
S0090,,66.25950321123474,83.95683810789956,1,1,3,93.03864757837842
S0091,15.485387746740201,,64.37831973421697,0,0,2,77.69871554319626
S0092,19.843224952664446,,,1,1,2,87.56745802844222
S0093,11.489734530613237,98.49105225392724,53.1656180777905,1,1,2,73.47007925046103
S0094,13.361689267011158,72.68947706918196,61.94129933503811,1,1,1,62.363510548105104
S0095,13.039459234339212,61.8025231673232,79.64851633097457,1,0,2,86.26309169101998
S0096,7.682425259339407,53.67483736650063,86.15582823548232,0,0,2,84.81646540658431
S0097,16.48060138532288,58.48789525437704,,1,1,1,89.58085448609583
S0098,16.305276360899448,75.98869742780089,,1,1,1,74.80043046932047
S0099,15.025567283212304,66.85015882156432,69.73594243041073,0,0,1,21.27372036033361
S0100,13.827064333124266,91.44416829413046,72.80161158819607,1,1,1,51.61819507464237
S0101,7.923146289747929,71.5443761830903,61.90396480078354,1,0,2,87.2905990220911
S0102,12.896773386173205,62.435713629381496,74.2406104446409,0,1,3,81.3583422366598
S0103,13.286427417366152,80.8572493302015,65.26160652929084,1,1,1,60.51326050704061
S0104,,85.33886084427229,69.85547729121721,1,1,1,66.92139490055064
S0105,14.193571441669954,58.35209539504749,75.462842480037,1,1,2,67.9986178207284
S0106,17.020254284072692,58.380960814415886,70.06422269810938,1,0,3,52.75523352026373
S0107,24.43092950605265,51.83357134667715,65.63614109473431,1,1,2,62.73476405092299
S0108,15.872889064159194,86.82010075328202,68.90390196074169,1,0,2,57.99254464790469
S0109,16.28775195361382,83.19022638109026,69.11637040794665,1,1,2,68.81281482168094
S0110,14.627770421169163,73.7315437874907,66.29988970117873,0,1,1,63.919537525056555
S0111,,92.20852244845986,67.41203937332898,1,1,1,50.59492618699877
S0112,14.867430622753915,90.28350764750266,85.98647170504717,1,0,2,105.33885345854222
S0113,15.301151049705132,79.2677182198376,75.6091944794124,1,1,2,93.78811096543846
S0114,27.31621056242643,93.41356402566294,67.0451968197084,1,0,2,63.314708677200215
S0115,14.038195176094387,60.292060501838414,76.96954404510736,1,0,2,79.08632094980415
S0116,16.507736711668063,55.5959809698864,66.6618051024399,1,1,2,81.26197634731942
S0117,14.826441151473784,63.48748057584948,81.73124637586642,1,0,1,92.86628782160216
S0118,,,73.69642192198094,0,1,2,62.72092460009882
S0119,20.714114072575104,76.5584764000516,68.92697855995772,0,0,1,91.38160175973638
S0120,18.759665163433873,96.83028461474808,74.47716925810278,1,0,1,66.78142043689597
S0121,18.955159735215233,51.967177033425486,54.291238479315005,1,1,2,54.9620639374708
S0122,10.453062726026305,,58.73232531090195,1,1,3,85.86204838971746
S0123,22.013971554680495,,,1,0,3,94.36137636183642
S0124,,,71.42943094763707,1,1,2,113.81863460296026
S0125,17.934285469001352,65.80780524883752,,1,1,1,57.004121023646796
S0126,25.952278129049894,75.36174043441963,92.31300146192632,1,1,1,85.48379527621184
S0127,10.047318374346558,,76.38051101440757,0,0,3,68.852981343097
S0128,12.16851135198614,57.41716004810444,75.00844474944456,0,1,2,86.75038065786048
S0129,15.498256825438206,99.33150614794235,51.989422658472606,1,1,2,52.942656731531244
S0130,12.482621729419003,98.25593482180227,64.57326200265979,1,1,2,56.05845336452154
S0131,7.246682844669337,50.24699904672048,62.12216248091761,1,0,2,63.36187765250274
S0132,15.342814874030136,97.59058927116195,63.79152401748884,0,1,3,76.18446068502126
S0133,9.688481431369475,81.95599689077503,68.3185618141521,0,1,1,65.38378100192467
S0134,17.36796215317591,93.39591472600111,65.27909422302872,1,1,2,84.88581515870129
S0135,10.402878828830985,72.73699278169295,50.20700189624212,1,0,3,90.40341927386872
S0136,22.749672025087698,75.77980142896251,77.47910256117534,0,1,1,83.99366311868033
S0137,11.083733538318814,74.44232901284602,59.27256974260193,1,1,2,99.28181459491302
S0138,13.389692418971622,83.34321287730522,72.39246864111149,0,0,2,81.23739944183015
S0139,19.067586086848348,,90.74082669749973,1,0,3,56.74654934489749
S0140,8.845678417830225,51.4986794936339,,1,1,1,95.45064770307509
S0141,16.137299673020646,65.39649707955954,44.697124772536704,0,0,2,65.92265646591004
S0142,21.53571377141214,85.23403813683234,67.13995778119889,1,1,1,88.65627749528355
S0143,,60.09267260614742,81.00959634998571,1,1,2,98.60601324832659
S0144,15.923169292661521,83.67162166624587,89.58347454220593,1,1,1,81.85032016095599
S0145,16.299413971242117,98.49560230536352,57.70450405547583,1,0,1,52.55761780253025
S0146,18.90911435888655,54.69503578947092,74.96699223236521,0,0,2,61.22681750235313
S0147,8.81524644560959,83.63010591125632,,1,1,3,94.84116700327704
S0148,8.397716934578618,,68.94051645695865,1,0,1,72.46315971535776
S0149,17.60970782808449,93.40711271887527,96.44343347017035,1,1,1,76.19360302413249
S0150,16.48492336616593,58.857489472369295,54.970296716048466,1,0,2,86.38236624245414
S0151,16.252464251729382,84.63129761130823,,1,0,2,85.44484293120485
S0152,16.732241047484877,,74.67693171765433,1,0,3,79.18199718578191
S0153,,97.23071097370116,,0,1,1,71.86997443169301
S0154,16.161268485805017,84.16240141448229,70.97983153470895,0,1,2,70.30997331401464
S0155,16.465362366493405,74.85873820042136,73.08050539504103,1,0,1,87.86848237937015
S0156,,80.8923620100607,66.08351432578209,1,0,1,83.30354296601689
S0157,24.328872555723784,93.44524922393592,72.69126941245108,1,0,2,71.14049999073316
S0158,17.36916460455894,78.53048733194149,66.56807724502589,1,1,2,91.23168469489711
S0159,9.043482513986756,51.519352984841845,76.21571889856051,1,0,2,73.06448827305324
S0160,49.627654234968546,96.54743477534889,66.30389663956366,0,1,2,62.2250673849841
S0161,10.126591648863393,84.47633755157806,73.77100393902187,1,1,2,63.615439516449825
S0162,18.93542301871226,83.82566928886233,,1,1,2,60.31888745535351
S0163,20.79297789503702,60.78375761988586,81.26050250772168,1,0,3,70.91384975094469
S0164,10.896588408241447,82.94427351163286,69.48606276411513,1,1,1,93.50586417504289
S0165,19.81688064622161,69.69322028270793,52.26967531793119,1,0,1,62.92357228454237
S0166,17.06390463468249,82.5616488520746,82.61921500713991,1,0,2,77.82713641527154
S0167,19.11030079997245,55.32965151539953,60.94267699137381,1,1,2,65.1496598155888
S0168,24.483964913269737,82.89226523015179,63.4623366135118,1,1,1,71.09536438092843
S0169,13.773059419985648,99.97068628853333,64.04338705956508,1,0,3,52.34938182022122
S0170,11.231319178212551,52.4106019430278,,1,0,1,71.69192656265194
S0171,10.552427851872384,,48.64325786021304,1,1,3,72.09441930292557
S0172,10.920948575172808,70.34539803614354,101.37748533659993,1,0,1,83.10431916053543
S0173,14.61449145292948,93.53767251686295,80.56056809066052,1,1,2,78.34921369883055
S0174,16.70575987408322,,72.23238914129159,1,1,3,57.02411812571932
S0175,16.383453996650097,78.3508130493334,69.45105999383713,0,0,1,91.26297366065315
S0176,19.13591624518012,86.92246046256633,72.85554074857657,1,0,3,78.15454560332994
S0177,,93.92577806506739,,1,0,2,77.9759027576623
S0178,22.267670385786584,70.20701608255165,76.45215585950056,1,1,3,74.86226469922292
S0179,13.67671583381022,66.35165807816193,75.55604466003449,1,1,2,67.23363829166671
S0180,28.600845832948096,83.37966927817924,70.8958068125525,1,0,2,78.2670350962309
S0181,18.12833673882503,90.39229709706294,68.02661579692673,1,1,1,82.13382653892873
S0182,10.714212217918586,88.11425673883079,,0,1,2,48.79656462981667
S0183,9.645537509694439,89.89068244293173,68.0509171964732,1,0,1,66.91858743980856
S0184,17.412362076215928,71.77916574064665,81.33770096867065,1,1,1,71.17579544394616
S0185,,90.89171080875107,75.93556722280861,1,0,1,78.84255908541417
S0186,,56.01045276853042,40.59611365335719,1,0,2,92.89966508890689
S0187,17.366188122867726,77.22445489804248,76.55900776529761,1,0,2,63.423887781048265
S0188,,50.28793302490608,71.94736194718774,0,0,1,67.53057229773236
S0189,10.766031409657975,66.22929149501351,,1,0,1,67.31198834030175
S0190,7.425763876570677,68.32307674356989,,1,0,2,62.97708614843188
S0191,12.767425239664895,69.80863458046277,81.24112719986013,0,1,1,69.79220257331606
S0192,19.28199397161736,,,0,1,1,86.56203329981957
S0193,16.07046872065102,69.42790506351729,62.27122332176391,0,1,1,59.19246756953481
S0194,8.77130610644006,72.43468113112652,74.07052287124534,1,0,3,81.41721592729355
S0195,15.86590462925591,,60.28343265458714,0,0,3,49.471466549724965
S0196,16.926586898644185,68.662589581467,56.203818352110694,1,0,2,66.57993005336691
S0197,46.64147781647641,61.363481363157575,,1,1,2,70.05766049673021
S0198,15.76862552972764,53.659796188422185,78.62393472382759,1,1,2,100.12289509371098
S0199,,80.17242966906889,79.53125045376086,1,0,2,70.87796542870969
S0200,9.285148510846884,83.41063992775082,,1,0,2,41.98134789823622
S0201,16.788936801741418,80.97451730048073,,1,1,2,45.01666639708125
S0202,17.80392263184117,,75.16178287114958,1,0,1,75.51044379520022
S0203,20.415256215876383,68.98928900896149,,1,0,1,84.20656283684863
S0204,20.269010260174515,93.16668247859127,74.31922544673941,1,1,2,80.6318378644088
S0205,8.111653160214544,,78.00409525227683,1,1,3,77.51355158701486
S0206,,73.95909388148655,77.54291329813574,1,0,2,92.433893962585
S0207,17.5751763360433,51.282103290321785,81.88913371474644,1,0,3,66.90613168894302
S0208,17.568929754561044,67.06239138130782,,0,1,3,88.42365834040238
S0209,,69.00978093929285,73.51448207541583,0,0,1,50.519776724603744
S0210,34.26365745327361,69.94113904484502,80.70150238316427,1,0,2,61.42578250592901
S0211,17.854452553465833,,,1,0,2,47.89437907602276
S0212,20.677828200902994,76.68012733634393,61.18125348772282,1,0,3,70.87732048995312
S0213,19.770008817466014,80.39525463967223,68.36933036056236,1,0,3,74.30608174100486
S0214,18.25695625652899,88.2441630771064,62.55097355193551,1,1,2,76.71152238339779
S0215,,90.64928693580467,63.24821725025618,1,0,1,75.92825029330703
S0216,51.21078704833542,85.90615381132471,68.55481329284483,1,0,2,61.08670003782408
S0217,11.13587392731214,97.77618479774674,62.075800790000386,1,1,1,72.14638733380177
S0218,41.57054371883146,,66.9203847036096,1,1,2,52.53829997091377
S0219,12.573182260854482,,51.063853330462145,1,1,3,95.44843462698375
S0220,,50.37814374890711,72.13293707372938,0,1,2,70.44560890652998
S0221,26.573292833367542,82.37373570773015,70.01205475362224,0,0,2,67.66670821434464
S0222,5.663674037041259,94.90152744749935,61.82911368931809,1,1,2,98.83410492666124
S0223,18.43130095187257,62.174114828814965,,1,0,2,56.366301996761564
S0224,6.936420644051742,96.35172723981533,79.37570137626558,1,1,2,58.11619328952047
S0225,12.640340671052833,53.01336951447804,53.924401356310256,0,0,2,58.55669512697152
S0226,20.444752984836832,96.72180134027572,,1,1,3,73.98192927450778
S0227,15.321400095477314,67.58113436198173,62.30857650212702,1,1,3,81.47447444456395
S0228,9.611276110353469,55.07104142246082,60.600968988911355,1,0,1,86.09513202176751
S0229,11.423481453700159,74.29358795931628,78.29474841931749,1,1,3,29.908013559459377
S0230,,62.8388283860254,68.06173861227197,1,1,2,41.258513186988544
S0231,11.348166841414317,64.24364509809614,67.35485158689389,1,1,1,84.13103383686625
S0232,16.082292947909874,65.36449824631433,,1,0,1,66.64304141141653
S0233,15.227859199519068,90.15129489163317,76.35418030209226,0,1,1,66.2037727666684
S0234,11.741998261970915,76.95806383376272,57.60741605146528,0,0,3,65.70341807619184
S0235,25.719720446626628,65.56538495780018,70.59932630266329,1,0,2,61.3684549378804
S0236,18.169595111590056,80.51668916554593,72.77376937958192,1,0,2,100.26787251905178
S0237,4.874287066711965,85.80753371115968,83.60658595838652,1,0,1,87.63445990520854
S0238,15.932271573847139,63.63120003667669,,1,1,2,28.23724286136987
S0239,11.69106767615806,70.67745507626758,39.80487844179174,1,0,1,95.265236287305
S0240,19.26216667398112,56.09430466684738,71.83849544753694,1,1,2,52.31206552051687
S0241,11.037396307836497,59.05746747673402,88.00511181510853,1,0,2,55.039423030036104
S0242,,84.05589269824914,,1,0,1,42.330484017079684
S0243,17.524936394902287,59.071917384781344,,1,0,3,64.50878189815069
S0244,19.328775970850607,76.258169183353,65.08363814367952,1,0,1,77.4254779005713
S0245,8.998517964721119,85.45231308612163,78.0712259663731,1,0,2,76.54287866898501
S0246,13.327493820795258,55.34384615473719,60.26453800295531,1,0,2,77.24012866589821
S0247,,78.36561098144517,74.7635776935622,0,1,2,53.83414753400877
S0248,11.73335383713144,62.82813918506819,75.05470159166627,1,0,1,87.04732113921033
S0249,23.827271201405484,,80.6020990749888,1,0,1,78.59441277358496
S0250,17.024908554804778,74.17728233599624,,0,0,3,85.99581422198997
S0251,8.695580228324774,90.2996274887579,73.92415967178766,1,1,1,46.60856733614922
S0252,19.58930973527388,77.51132710781309,64.91036374292501,1,1,3,79.67236288196685
S0253,25.610780985063165,52.170626642740956,69.74425687808005,0,0,3,57.1835214012371
S0254,20.162326302755734,81.65756877970111,52.30924095110882,1,0,1,69.04015121172958
S0255,7.403150170229933,97.57016711033285,63.05286868910942,1,0,1,83.01547347954575
S0256,12.578829635668743,80.08059100731656,65.90717561886896,0,1,2,76.3664040938387
S0257,21.334555745933113,90.95944297133951,64.75911602065408,1,0,3,62.22690030331022
S0258,11.461652671906096,94.2103231674204,71.52354872033722,1,0,3,75.09409734276628
S0259,17.219097140731144,61.40398859744663,61.775800676177994,0,0,2,52.026970271345355
S0260,18.873170267146683,60.60224199541133,,1,0,2,92.25401093847444
S0261,10.365347642109585,80.54904944254959,,1,0,1,71.92073970755624
S0262,14.702373219691,,69.90699678861385,0,1,3,91.77824916382988
S0263,1.2063367003453642,91.99306514333603,66.72105283487082,0,0,3,67.10202469355936
S0264,9.878061793328552,95.00115616990055,71.55190683858979,1,1,1,67.14636017390126
S0265,13.737159243034199,67.6710689651359,78.25098264667635,1,0,1,63.5371982004323
S0266,8.761084090175753,61.8435279487241,61.328697842890996,1,0,1,88.14260897539613
S0267,23.162056519658176,,,1,1,1,64.35853264007287
S0268,7.849293110196837,63.740301777406806,66.96273971223336,1,0,3,84.66893148622765
S0269,12.79977756651508,91.13071592568392,56.54129076526785,1,1,2,69.26321403496064
S0270,15.653702886430457,71.18691268243813,61.807421402785025,1,1,1,45.36055050162571
S0271,22.206366445330577,83.37749496457351,65.23779126455341,1,0,2,66.44528898320301
S0272,7.8206892441028035,54.77676569173341,78.74389180712727,1,1,3,57.31337678455728
S0273,20.815818760774796,81.19296623382866,72.62561329001925,0,0,2,75.50854085523507
S0274,15.051165305097935,72.58838393686145,71.93589911367545,0,1,2,57.14388396488265
S0275,,79.3304231587737,78.50897962167971,1,0,1,88.88962651071925
S0276,17.310517371316354,58.40071038724317,68.62628211600604,1,1,3,73.6338620947046
S0277,15.995298477867351,86.8436872472091,73.9046484992889,1,0,3,72.33606007861891
S0278,11.998915614206027,93.13985387716143,68.96778247067503,1,1,1,84.83838206681374
S0279,15.349010424950094,60.836990004538784,72.65362349399628,1,1,1,89.45860401113794
S0280,13.0734320156912,54.78572777600809,64.17241342388418,1,1,1,74.69851872345522
S0281,15.56758672625624,,45.611828417235714,1,1,1,63.43199550676064
S0282,18.310653372605234,82.0985750221633,68.65720837813696,1,1,2,48.390455758318055
S0283,22.93008408072676,80.35470180443903,,1,1,3,64.7092536444723
S0284,8.810922505865754,77.33487063570351,79.26215402241593,1,0,2,65.74181630028058
S0285,25.665166873281333,61.59735480579877,79.6539748459117,1,0,3,76.60586179488445
S0286,,69.54529979527574,82.36130721806218,1,0,2,69.82279678292959
S0287,14.241074524822084,79.72381675930865,70.88657590961438,1,0,2,85.31899458077142
S0288,17.941586032422883,74.83834294295846,71.97315707405596,1,0,2,65.80525093093965
S0289,16.404959338675162,99.38927601074437,63.8234810456565,1,1,1,74.14438249720587
S0290,11.886502400897031,56.821987627836656,66.8392714397295,0,0,2,92.75981164795334
S0291,13.959388748213623,84.75722770237968,76.15771149771142,1,1,2,80.12737820932449
S0292,12.534995326705836,70.21593840521462,82.03884437168816,1,0,1,74.09943687467154
S0293,12.053176215278942,71.40998074628074,68.60553724319,1,0,2,65.97083337097234
S0294,19.248010485105123,85.87988828290881,65.49810735148588,1,1,2,65.50152904927535
S0295,16.785077429825236,84.62180756621848,70.00527958856597,1,1,3,62.240801205720786
S0296,11.53545202369673,99.56279968510941,76.01206748929116,1,1,2,66.8848970132565
S0297,19.497999377166252,56.41971447270626,55.56145183866458,1,1,3,86.33498758116471
S0298,16.536497604383047,55.20548246920832,,1,0,2,71.67167593061598
S0299,19.0643105941948,86.21694085643705,64.49463150508416,1,1,2,29.01838316441671
S0300,18.14814420961806,78.91934585032045,57.79287574085841,1,0,2,101.52253939589676
S0301,10.855024945389639,63.70803332799029,64.9185980235269,1,0,3,79.79947786717744
S0302,12.199094799015153,53.97096844944933,68.52219681182528,0,0,2,53.89584899230246
S0303,18.736468025616308,54.282912479821526,65.46751590976987,1,0,2,68.37226609138764
S0304,18.051851327167324,94.70954373320592,84.52467534470745,1,0,2,76.66329574242627
S0305,14.895492030179259,59.59336623593715,73.2674476460232,1,1,2,100.56888139946065
S0306,15.58663691654391,66.16857810577604,73.00474359610828,0,1,1,58.378313126116964
S0307,21.388324478942124,61.3328201113494,76.22207144043402,1,0,1,89.6406107903392
S0308,12.042143055820851,67.74981529159686,,1,0,1,95.99229640458515
S0309,17.735486905850188,53.47119213730467,80.39111787420269,0,0,3,65.57018542388144
S0310,,75.95298954541352,69.2423571346454,1,0,1,70.8372957170965
S0311,13.911593983863899,53.380628179610746,,1,1,1,59.455361289393444
S0312,20.49388425993595,90.01782539111808,59.28142766959844,1,0,2,71.94808288379542
S0313,19.12708174494015,61.685604095521654,54.46241233983936,1,1,2,74.45115038485604
S0314,19.067548180003193,77.00059573022553,78.17889658025028,0,0,2,84.89474997123556
S0315,21.527394035771646,94.0039543780729,73.76409526097517,1,1,1,91.3527520653067
S0316,15.105019208163796,82.5438684523597,60.9794844564249,0,0,3,63.7785590306753
S0317,18.40976485647482,76.64788932756676,61.303369187253054,1,1,3,45.490124036610084
S0318,13.44866621703272,66.21668765576878,81.2543478441477,1,0,3,74.68132831085637
S0319,16.62083176244221,66.6500956529099,,1,1,2,79.40306294952961
S0320,14.349284728161576,83.4743477599095,86.42672953255963,0,0,2,78.74126531527563
S0321,15.484979824963592,99.70696806105838,60.99379265352131,1,0,1,70.09990128736435
S0322,17.97578512718457,83.09195949246893,76.38391925608383,1,1,1,76.87128149495902
S0323,10.908896583832638,,66.71381524251015,1,1,1,97.73167212528372
S0324,25.461936378427303,86.5325255119623,76.03187431082343,1,1,2,80.72601253443764
S0325,9.96991309250149,73.26028061418592,64.55885997885807,1,1,2,69.39947362495373
S0326,8.92905693606134,,68.37207093927705,1,1,2,67.49703274356007
S0327,20.790554367500338,78.1148407938955,70.40919175395722,1,0,1,72.45221463483404
S0328,18.95831346981468,97.881264225269,59.978125442185274,1,0,2,99.5510994274596
S0329,18.120599085260775,58.76514711788298,77.40824345420125,0,0,2,72.25048935710704
S0330,18.1417275463214,84.50024454103328,,1,1,2,74.70308483218938
S0331,14.938766135765427,60.04668443295282,67.71400084659982,1,0,2,67.76529643595546
S0332,10.513728142570843,76.79138422365406,60.056506253914876,1,0,1,91.48475036162947
S0333,15.379022790968632,54.83382248233598,,1,1,3,104.39755882117012
S0334,11.614191442439441,72.51854681290925,68.08972237399831,0,1,2,81.75919574147082
S0335,19.875598667088756,87.8081664447623,,1,0,1,76.24159355678138
S0336,14.264713092489307,67.37857621194911,77.84604287898024,0,0,1,75.55174249761352
S0337,10.872514016037442,83.24558622436089,69.80739620265605,0,0,2,39.23539816821381
S0338,,89.77249803948646,67.37109170791733,1,0,3,86.17726296427226
S0339,17.06465727137812,96.35889097397263,70.22465892812046,0,0,2,77.01249623993765
S0340,12.181377235980126,61.73210409277267,75.4711911517521,1,1,1,81.42513075991087
S0341,10.888898022167844,69.9657957904654,58.19187184691155,0,1,3,64.32806708874443
S0342,16.218436057459563,57.62080066652087,81.14321694668872,1,1,2,69.23314681534363
S0343,16.224832855543614,99.62417510791876,77.15381315441245,1,0,2,68.8346259524524
S0344,12.46528412314435,96.35004839621476,77.18185725707934,1,1,2,90.32434476109559
S0345,12.644808471908386,76.99785651402797,74.38475738809727,1,0,1,69.3186024509536
S0346,16.16024968678818,,70.1961665769399,1,0,2,106.23990483164697
S0347,,76.04789886360211,76.7286123596682,1,1,2,81.46293628522557
S0348,7.962681128117223,81.17928440013799,75.91814133741379,1,0,3,55.864760100064025
S0349,11.40777889373782,54.456221605800835,66.45959289058976,1,0,2,73.07180560122065
S0350,13.932764241440763,,64.26398227103098,1,1,2,65.22487316765377
S0351,16.554537827990025,56.38567418176174,71.01856295261987,1,0,2,42.08426295269964
S0352,22.376781084747762,91.30338151262642,,1,1,3,98.99206410170684
S0353,41.11471053002804,89.1014043835193,57.60892924346099,1,0,3,85.54713813330005
S0354,14.200307350182864,85.43723488714882,,1,1,2,82.99810976848968
S0355,14.904918960486556,,71.64760841236517,1,0,2,77.48105490449556
S0356,9.987353176810956,65.15641779726643,70.50887701856018,1,0,2,54.269736469613434
S0357,14.90743432003805,,71.73341664370409,1,1,2,67.74574290666845
S0358,,,72.439531979085,1,0,1,87.6267116217602
S0359,16.613592801690448,54.382137338191924,67.76797745365195,1,0,2,59.23169955326246
S0360,10.863845282238385,96.84789115155314,84.89863438602082,1,0,1,37.0234602562378
S0361,17.596732571205862,77.69011203561881,53.99096021523484,0,0,3,71.59340988328611
S0362,22.66369456501289,65.27621553290118,61.71502975219754,1,0,2,72.87363668958692
S0363,14.456199257715712,69.84907585371417,,1,0,3,77.03345124622064
S0364,17.008558610494706,72.36012702524178,53.568111888458326,1,1,2,85.92777965271804
S0365,18.450719958555563,80.02971666803086,68.24145595567929,1,0,2,84.56408718346813
S0366,12.993897640570818,75.7839713848249,86.61470165728018,1,0,2,78.88154707865883
S0367,16.120462409052084,95.96959866072086,70.20886488295962,1,0,1,92.93297082130064
S0368,15.062962003908975,74.84817414529151,72.30700905718683,1,0,2,52.21545328780028
S0369,15.48838049274416,99.60790074116564,57.3983523482742,1,1,1,82.56872721716086
S0370,11.134951080722669,92.57124788725478,63.83638591960523,1,0,2,84.39807545005414
S0371,15.122550871294713,60.42552571786679,66.24803619676064,1,1,2,56.40656570879641
S0372,17.489991456227248,96.52976073219581,66.82284903243766,1,0,2,52.45694086976416
S0373,22.25571803897521,55.818319894273806,,1,1,1,63.81086810286598
S0374,19.796354130426035,90.87248542455958,75.57691060725125,1,1,1,65.07687836227062
S0375,25.765912287557782,69.03116467382901,58.88542043062968,0,1,2,86.30129195253646
S0376,11.163262185559752,93.89871602225347,,1,1,3,65.78191824463357
S0377,19.361603183603393,93.40283450537251,74.98221748496785,0,1,2,62.15477222578194
S0378,15.916710028691758,90.29627000588106,81.40149038521267,1,0,2,65.82549394958161
S0379,25.94901466608836,89.50152181535307,85.80540686568374,1,0,2,91.77948501231317
S0380,10.958508573224243,65.23395695490204,59.84905808172131,1,1,1,75.19565061565429
S0381,10.80139078909612,54.04596415256261,61.89142488789662,1,0,3,72.31123461964633
S0382,12.00303677277989,70.14900893825808,57.42422141085384,1,0,2,73.34991751948422
S0383,4.380521378450965,58.67622574932543,67.65980140893019,1,1,1,94.38090501489785
S0384,12.371224891596196,84.74755444512309,74.66358374446335,1,0,2,63.76242410095137
S0385,,67.30498632688928,79.87334516589102,1,1,1,94.73262436410155
S0386,15.751968932381038,98.78051004299574,69.24048976357477,1,1,3,78.15744448382256
S0387,16.708779878885796,82.04860386726659,66.80152476745155,1,1,1,72.59370927036979
S0388,24.380854196079433,91.12402818171805,,1,1,2,112.51350746901423
S0389,19.75211919093025,56.62623363709242,61.64857098369977,1,0,1,59.165407653021056
S0390,12.115481721687985,93.10072411363113,90.89538721694774,0,0,2,69.69471360649491
S0391,10.50792664325821,96.13785952566971,53.923389728819416,1,0,2,56.51353141254
S0392,17.459595857532527,74.35309594094679,71.84740578895725,1,0,2,89.28692955804254
S0393,8.398833964896788,80.31264688754888,90.2360621922964,1,1,2,100.33783400477519
S0394,24.15729382927177,88.24049004514977,,0,1,3,100.04884172106958
S0395,20.897200603606436,58.741931363020626,68.09960964998506,1,0,1,93.35923129719006
S0396,12.654121739476476,75.12830382317212,66.42554577189573,0,0,2,72.03569298306051
S0397,6.434327354545612,69.93315138861566,68.19608318237592,1,1,1,69.5213853376523
S0398,21.769361870827062,57.31869960811245,83.7284847467653,1,0,3,49.93245341258903
S0399,,68.37672111457657,47.88138088670493,1,0,2,105.53810302772689
S0400,21.189081559867308,53.40861546927468,85.33433701296326,1,0,2,82.03467117222702
S0401,7.0278617060281645,51.29059534747435,,1,1,2,67.62064642695775
S0402,12.003124885231136,56.758314457741136,67.33347670765585,0,1,1,94.92085333480452
S0403,15.026218498590916,98.15575557945868,65.70755579701338,0,1,1,60.40853224859999
S0404,15.234902968823711,77.47647679475085,75.88553269770719,1,1,1,81.0993305133401
S0405,12.749672642603782,98.291108057661,54.01875648116253,1,0,2,72.41056298563748
S0406,18.114249661737492,71.62489391650661,74.62172666081943,1,0,1,84.58015709820451
S0407,9.661897853087028,65.59080665426298,90.24309623286852,0,1,1,74.04639691220818
S0408,14.288102574893532,75.3070931420122,56.368259954071895,1,0,3,53.23608163333164
S0409,15.601478158559495,71.9755844316455,71.89706167610396,0,1,3,76.13364559005056
S0410,17.572194170293745,55.2832342130872,63.38017822203391,0,1,2,90.73296212813042
S0411,18.55807439044445,82.0413157345103,,1,1,2,74.56175391219023
S0412,9.376789540810654,60.80190912547998,70.19147777415752,1,1,1,86.6267268238363
S0413,7.329429146321889,80.97939774489149,63.5851309095569,0,1,2,59.3170577148892
S0414,21.388384109492545,82.51005461990766,74.87872284871074,1,1,3,74.60608810095222
S0415,16.661570059897958,57.601242656432404,88.04348109786743,0,0,1,65.63234317367134
S0416,11.257567317217232,53.06748135553341,68.09096208272702,1,0,1,86.20471260157065
S0417,22.755759877612615,89.038079303422,77.19757942148182,1,0,2,75.47237343392993
S0418,15.578373171464293,72.99002118846602,57.06727042128836,0,1,2,85.35110514504919
S0419,,52.90818977527379,,1,0,1,91.315656392368
S0420,15.337592407050545,99.74331585848836,74.72406277880377,1,1,2,85.37427862682082
S0421,25.303739624409936,52.88902804981833,84.84116028535965,1,0,2,79.09677651440467
S0422,23.77670421221602,,73.5561334878566,1,1,2,60.026816122328924
S0423,13.755179257604633,99.18394626317068,,0,0,2,74.95820833999647
S0424,19.85785475477178,61.95900521079628,69.99291405423354,0,1,3,67.0036439697625
S0425,18.226879747925736,57.11246843435981,57.495922660302824,1,1,2,69.8390406494366
S0426,57.2605755850057,,76.04515326355367,1,0,3,69.38198773874623
S0427,10.175382697099478,65.16375737837978,78.82333062323409,0,0,2,60.30111637826633
S0428,18.430257299992196,55.052290550532334,65.4790966716692,1,1,2,45.63992116299015
S0429,20.29212243424794,84.60806708470659,65.29957852240499,0,0,2,64.9778542750835
S0430,6.206302567884428,53.114589906503134,72.65878229652049,1,0,3,77.90069177886238
S0431,9.083707436671125,75.47110640748949,65.63280263959405,1,1,3,54.77734431858765
S0432,4.803839111199498,99.83484269264883,69.33867385374178,0,1,1,75.23523354707436
S0433,13.652965827777212,90.69851347530094,90.99721789166516,1,1,3,103.50402636466447
S0434,18.58771127897981,80.76097191155054,67.52974299254004,1,0,3,90.34584832878359
S0435,22.51178526048014,65.31268103933058,66.41659847978778,1,0,2,99.65312263680794
S0436,15.370473902098876,81.19479181458192,63.52458194364841,1,1,1,80.8669181539909
S0437,,,77.44191971499937,1,1,3,92.51264734479669
S0438,8.099492708925542,71.30416919451858,68.18775826781896,1,1,3,64.14052904298319
S0439,6.483087803224226,56.535518837009974,63.506269616785744,1,0,1,65.33489599467023
S0440,14.722261505516906,94.33021076202334,83.21304032273012,1,0,3,33.912896907937906
S0441,,72.48923244106612,84.19603004513637,1,0,1,92.79218211063449
S0442,,59.73112559103825,63.99576434261295,1,0,1,98.1048596972983
S0443,4.662789499800617,,51.33460048639384,0,0,2,66.70234131979095
S0444,14.554399802436057,,80.07513689836922,1,0,2,71.19072440404148
S0445,8.477652497475734,91.37689477834371,63.15370174239996,1,1,2,63.692068294635575
S0446,18.348362744150194,86.6807190280701,77.90625599162769,1,0,1,80.73980327216238
S0447,16.83299123048424,88.46524468206698,50.298961822881644,1,1,3,91.8739881795486
S0448,10.300601068363225,50.55156322143236,78.92597338299309,1,1,1,48.858420391784385
S0449,12.430665413316532,70.80769990898807,,1,1,1,81.14157795963378
S0450,9.703932390555241,74.06720758176618,,1,0,1,70.84992342421282
S0451,14.68660451363414,50.95961384115284,70.14273067836434,0,1,2,76.70091587950034
S0452,19.775711602506192,62.99066043725171,60.460605806033556,1,1,3,81.88491002511437
S0453,10.071369768322281,88.01449115610674,65.9296368707322,1,1,2,72.17696341840768
S0454,17.520232577589223,56.855485286449955,76.86318456956701,1,1,3,73.4461971989133
S0455,56.98069026566946,76.76550657262959,71.05894453115235,0,1,1,71.79187248668042
S0456,11.035635838688279,60.76009360086188,75.84412980472484,1,1,2,89.55474302682423
S0457,14.46484820022721,50.60603873219466,89.76440584515485,1,0,2,81.28139940191245
S0458,9.823788387903129,62.06007287997707,54.357583882889486,0,1,2,78.3087530660604
S0459,,98.7936877455027,86.17212574968624,1,0,1,55.93572418361576
S0460,9.010610537055758,90.07685559414948,71.04355937523214,1,1,2,69.32130385180268
S0461,24.823625664581947,97.97883221605167,61.01215951676872,1,0,2,88.48003740508761
S0462,15.176317759858643,74.39270219631813,56.696863742610105,1,0,2,75.56544859685884
S0463,11.501372460037071,55.48680993387518,68.10879609222967,1,1,2,84.89297204383708
S0464,16.06989955367111,77.39797444868465,79.2165011192446,0,1,1,101.49767700491451
S0465,14.438359751545851,72.71886672799805,68.72450879622465,1,0,2,90.57909103813225
S0466,13.895152002333885,92.2178541369808,85.11154930247348,1,0,1,76.39737506549613
S0467,18.070833500217127,54.90412903921223,55.48824309948441,1,1,3,67.33516244706409
S0468,18.787538550236526,74.4120568510889,,0,0,2,36.69675605916153
S0469,,57.50243323469921,57.47606555586881,0,1,1,72.47422616290721
S0470,12.1209087967766,66.23379634450299,73.63631882624968,1,0,3,70.10981256274727
S0471,13.62474151424178,86.86785386938999,78.868873900973,1,1,2,80.85549291593064
S0472,,,65.79238206318946,1,1,1,72.69142159537968
S0473,7.424044689007239,68.79441425728847,43.95786143372866,1,0,2,70.19422410844808
S0474,21.834371337222624,69.72381392850177,71.98948146796495,0,0,1,48.30901604239169
S0475,23.224838567506417,72.97233842029934,74.3673855173351,0,0,3,60.900482562749005
S0476,13.754819802218108,89.25082719185284,74.04294754961698,1,1,3,82.14976561200837
S0477,17.882784815278832,94.60423444701172,82.35782191822155,1,1,3,100.73861446699041
S0478,16.556250772717682,97.76673432519641,59.28946320350951,0,1,2,73.53711924381565
S0479,30.39440404227619,89.34516931276475,76.8021610545045,1,0,2,79.91716610361185
S0480,20.597874557172883,65.77034478740063,81.92507512477975,1,0,2,89.28717235429208
S0481,14.360412042596167,84.4067353043271,52.21412415993483,1,0,1,62.836590956996254
S0482,10.222297796997871,71.8801562027696,73.19651825918977,1,0,2,80.50221064928164
S0483,6.967768398712138,,64.95820168992329,1,1,2,63.892648405017624
S0484,16.017318179336115,92.04357897129613,69.18477326898355,1,1,1,87.97236657736516
S0485,11.218246273578483,51.92131744811625,73.47676483538336,1,1,2,77.27104571927599
S0486,7.888731452011629,95.08809960677118,65.12771435886448,1,0,3,79.4767772097216
S0487,11.767135578787368,73.0738732312367,,1,1,3,63.26102103872117
S0488,,81.86007384041402,70.34152417488025,1,1,1,85.60548539416178
S0489,23.435708175362823,82.96769611028913,59.12754061137197,1,1,1,106.27069381846525
S0490,19.408198784747253,94.75588703532682,59.141748711148146,1,1,1,59.88132456857691
S0491,14.960136793416913,81.83348410836037,76.79373282956503,1,0,3,69.90361488528714
S0492,22.39972069445013,80.69667923800309,58.51205964841344,0,0,1,78.47411211252138
S0493,15.386841538238091,53.3326020280345,76.66312500909211,1,1,2,86.79609317993724
S0494,10.693578993358681,75.9204010972602,74.6259129285395,1,0,1,66.60680572065797
S0495,22.615620386348287,57.50845004085208,52.741932712094034,1,0,2,32.5045456478589
S0496,17.694550218423295,86.87168843607428,,1,1,2,95.38784241246037
S0497,9.813769228367718,75.61109604063373,81.94109403047372,0,1,2,86.40759179376214
S0498,14.048306609581958,,60.18834468860318,1,1,1,48.85578704270002
S0499,10.621908733076214,52.083645030119214,65.35595737690612,0,0,2,65.88646812330666
S0500,8.08600134517832,54.23960080229016,74.62060893251896,1,0,1,98.52273644290989
S0501,19.630887737658206,85.81616940313411,77.83390509282596,1,1,2,96.71694627686799
S0502,24.547083202350652,53.60421679993367,67.48461113955504,1,1,3,89.07960034018417
S0503,8.007162130904295,53.56283638826293,64.02489805308359,1,1,1,72.35831349060206
S0504,17.814846183452854,50.605423761744376,84.22369861698508,1,1,3,76.24481128218765
S0505,11.746787154390866,97.82506991497401,87.3889966379758,1,1,2,73.0361129231081
S0506,12.56437308117652,86.87541797295034,79.78858050781795,1,1,1,91.92359674903255
S0507,12.038030378805654,,70.85318142565023,1,0,2,61.86236390257335
S0508,10.68004615160092,64.82677906438276,61.91734278359074,1,1,1,62.91300517673693
S0509,15.242608139724135,67.48516148729247,61.695555934434346,1,1,2,90.15411880254024
S0510,10.84524941794481,88.73267655905909,75.22514105265758,1,1,2,74.33457816732657
S0511,16.352284128899193,,74.18398220888683,1,0,1,95.67701033180712
S0512,14.748809452754315,59.259778393373395,84.01598592946429,1,1,2,64.92731689529181
S0513,13.805259765667952,58.70546676670422,76.50450092536138,1,0,3,74.17832459491763
S0514,10.462181689792011,54.91978248566986,54.96919698240182,1,1,3,61.1638052273407
S0515,12.116143347158337,,80.51947617722918,1,0,2,75.11044022135351
S0516,18.77695612912878,88.2186331110868,60.01939372685587,1,1,3,52.82179594501802
S0517,17.504585938121902,63.2523214162502,66.16028728047648,1,0,2,67.68549868567555
S0518,10.112223776007244,51.047248051545644,72.50200206251695,1,0,2,53.456192026078234
S0519,15.496661527146129,54.10858337382137,89.95667489783965,1,0,3,85.40884849786887
S0520,18.756935616858947,98.39300174225153,101.09918556005361,0,1,2,85.74884009639477
S0521,6.652973594393142,64.77223887387102,76.06723059136183,1,0,2,49.046059042734825
S0522,17.716800961899676,88.46115739190668,68.16803381279612,0,0,2,95.00828618250858
S0523,11.686881205270767,81.23317844271318,75.3450564848055,1,1,3,112.4612268962978
S0524,17.852993342965796,69.09698198264479,78.87655425873837,1,0,3,75.69009580104512
S0525,11.183704217287415,60.28436310977776,66.79332374442808,1,1,2,65.38328609663033
S0526,5.975589496677404,56.06932090797032,87.95211355912322,1,1,2,117.3649588650457
S0527,6.862287810584187,80.75064840194332,72.30070759191402,1,1,2,55.21547252546234
S0528,15.24042473330691,88.7316890318894,,1,0,2,75.30159700303648
S0529,16.29861250860741,82.19521267705653,76.65924252054461,1,1,1,77.69433408947886
S0530,10.478416874477958,76.51510666245792,74.21586610614456,0,0,2,95.17721430678623
S0531,18.19296229388687,52.097561171581816,,0,0,2,80.39608462690182
S0532,6.6923996886552,,63.82746813453077,1,0,2,67.52049156317322
S0533,14.669601006763417,89.93570958272872,64.4169824605397,1,1,1,60.73223444418066
S0534,,64.64110183504823,58.99845767028305,1,0,1,69.87267269630797
S0535,11.740819460989204,98.99851646794252,74.39501230620226,1,1,3,59.896089585822835
S0536,15.23699335658207,80.09407948181611,77.78936503512114,1,1,2,29.764827762008707
S0537,10.697933173580239,79.12113291036232,74.57772866151886,1,0,1,66.5370573020927
S0538,13.077222278850874,87.4036589714766,86.74492433347538,1,0,2,52.589433100653736
S0539,20.0314640460722,90.58848940450687,69.94403981170953,1,1,2,93.82718682562356
S0540,12.115540652384256,82.82393036657513,76.68741655592513,1,1,1,67.53491214856442
S0541,19.17846056032571,56.40478731831,59.08299123860686,1,1,2,55.977947925370316
S0542,,66.91337529972492,66.12900297525599,1,0,2,72.47611298268687
S0543,17.649020889576413,96.40418201630249,76.95537757565778,1,0,2,76.02557348951488
S0544,22.207843103289502,,78.49102110743144,1,0,2,48.802999116314496
S0545,2.6417774993635526,68.60835119187567,67.06033052335818,1,0,2,79.97471500688644
S0546,11.015523722647616,71.6038441472098,,1,0,3,59.292636469646034
S0547,17.8853606359027,71.97024948472261,54.821262533191906,1,1,2,100.66543213786181
S0548,13.984773069785037,80.64697912472627,66.42970799193391,1,0,1,82.85940768115103
S0549,16.855729366856544,97.15379188723537,78.90383163519786,1,0,1,69.00150014836025
S0550,11.980074066420897,62.034635591625246,75.75205016106567,0,1,2,63.82248344523974
S0551,15.4329489373645,56.0750688150459,75.00665721381209,0,1,2,73.42548438654563
S0552,14.221613823039602,59.873524492996864,70.49773687180961,1,0,1,84.19186112374935
S0553,20.838910308299035,94.34624501046348,70.07063158628176,1,1,2,74.617588071222
S0554,59.4578877877539,82.2905406327603,63.39678860526553,0,0,1,71.74261789294715
S0555,16.68801331037601,64.29533946195801,76.98828420202534,1,0,2,75.87555436226843
S0556,12.940615169387662,90.79734694843086,74.20972944389389,1,0,2,65.94211603144568
S0557,12.561968879637533,93.0684998181718,74.92018847992799,1,1,2,69.85191109735443
S0558,12.837209060901895,92.3257169345139,64.7396515733242,1,0,2,43.71311341642494
S0559,16.972260711891483,95.94632668197772,48.46657080128756,1,0,1,89.60589346278552
S0560,12.895077595898686,62.612051008668075,80.97152711753695,1,0,2,79.48196670482643
S0561,16.448874284482066,87.75209643731392,65.21162543991596,0,1,1,63.39816233949855
S0562,25.377003993227195,73.026974863707,61.372242359568794,0,0,3,103.48102472032858
S0563,19.355623517158463,92.09992764450308,76.93478911913994,1,0,1,76.30524720588579
S0564,,86.42453385808065,66.07987360080871,0,0,3,59.45784642037205
S0565,21.006069610819722,88.82237232498623,80.59936384046622,1,0,2,87.85106132205688
S0566,12.959623134892244,82.80809188405357,76.17005949576698,1,1,2,80.97072324763894
S0567,4.809377324110731,58.87143847348534,76.83569323200477,1,1,2,80.91869978226329
S0568,9.95956844541298,77.25134594484692,56.340442887994655,0,0,3,68.61366593022615
S0569,5.646040394870722,99.23348697622541,82.11943985386401,1,0,1,81.75743585667053
S0570,13.242432579793457,96.86940332485594,72.61250531233856,1,0,1,71.07362564668358
S0571,15.092091895947759,52.158686789850584,66.30722860753797,1,0,2,83.33912177468764
S0572,23.382186561376415,58.24074078647186,71.43388467342251,0,0,1,46.42583318984042
S0573,16.634636868820813,56.58643867272809,52.2376476710168,1,1,1,68.49189805531216
S0574,13.904497355955678,86.29899549926478,74.08652811480671,1,1,3,100.83232646712293
S0575,19.147027905917447,90.88926649284726,59.706284918179286,1,1,3,63.49398816899549
S0576,,60.675568315533596,,1,1,2,65.9424255376022
S0577,16.178072790542828,,54.77640813782109,0,1,3,68.28057992325037
S0578,18.854325969434832,92.03515140056,81.12688374989925,0,1,2,56.77790796167035
S0579,,86.64007723831253,63.707366063072115,1,0,1,41.875788356576216
S0580,20.718770216034645,77.11186027459242,85.337277099165,1,1,2,71.5412040221458
S0581,,79.51738452293864,64.64198536947703,1,0,2,77.03789136122485
S0582,12.923560430495993,75.418027345814,52.92642042407053,1,0,3,74.21242397192022
S0583,18.163909330531425,64.87742256594103,58.83475560051341,0,1,1,72.8268215707817
S0584,26.35346428902198,78.2510996429508,82.35811620006939,1,0,2,75.64561306275581
S0585,,84.44426510250453,68.44101822063332,1,0,1,90.34262207326147
S0586,16.24110293150168,93.66614579304039,64.51712703509399,1,1,1,72.14330721106175
S0587,,81.8145676989624,71.60018225852788,1,0,1,66.38876134369096
S0588,10.750778152676041,88.0560768521579,75.01782736167544,1,0,3,70.78311772667871
S0589,19.151679082721227,58.003581747728646,81.1739881590246,1,1,3,83.69020139635164
S0590,10.719580870455664,73.07787372098949,84.48499229892926,1,1,2,96.18040317814874
S0591,15.357831186096963,50.46658099135467,66.40231354210914,1,1,2,65.57784391246233
S0592,12.611712766174417,62.33394322608115,56.73952313917962,1,0,2,76.48400680543325
S0593,17.39489912873196,86.32308575565024,65.86534838876725,1,0,1,80.07536162903939
S0594,,99.59049756746816,72.60280506582886,0,1,1,60.111329899067655
S0595,20.187699721289498,54.958904979360796,60.36241073789389,1,1,2,75.30625750819377
S0596,12.449918005726264,70.07471579306441,60.428490851049574,1,1,2,53.01489213986858
S0597,13.650625323533143,90.00354843495798,73.43787881549885,1,0,2,48.46424544390902
S0598,10.106181421088463,60.20178173144494,69.5134764842955,1,0,1,80.50119611838386
S0599,,77.7542474651143,70.32796995411587,1,1,1,69.24187888003826
S0600,16.88650246522426,,62.41504665299931,0,0,1,78.03420611431828
S0601,18.78494308322676,80.79927251300896,67.69599285794233,1,1,2,74.73157534487476
S0602,10.389173379111874,59.401236730770805,60.757668557316954,1,0,3,60.35399927004304
S0603,,67.76922843428697,78.90198411124787,1,1,2,74.32118547053496
S0604,21.778189294024756,89.18958922426987,80.35249334723753,1,1,3,56.50348042477717
S0605,17.067174516118506,77.71132570660083,51.53812137761906,1,1,2,95.86458537002102
S0606,24.38397906279033,,60.7048913980759,0,0,2,54.66044482710054
S0607,11.131054004482134,88.0495380014047,55.03470744909921,0,1,1,72.06322093547128
S0608,8.776726483442914,51.76556774701196,63.49976065593102,1,1,3,59.36592617929127
S0609,6.106398755478606,87.2866891365616,69.16562030209639,1,0,2,22.96800205051839
S0610,,60.124028008261874,55.5035478030147,1,1,1,70.02852943077745
S0611,18.27182828177029,,60.78140186874687,0,1,2,67.21999920568184
S0612,,68.39703756510423,59.960426279185015,1,1,2,87.79802317577332
S0613,16.399843131599102,66.34658081690395,72.07267329398944,1,1,2,75.44145887516328
S0614,9.372554763508116,57.44440251662223,70.6934433703625,1,0,3,82.74966668903951
S0615,27.22875989808413,65.28021077451075,62.78262446662747,0,0,2,60.280110952238026
S0616,15.646105909876137,93.83253809141003,71.76820872139398,0,0,2,53.9277458410874
S0617,15.546973973024464,99.81671688136237,64.53319915412735,1,1,1,76.608119430602
S0618,,,67.28344889673947,1,1,1,70.21730466757903
S0619,17.405046158683568,72.43053154772713,86.73452090298537,1,1,1,84.39652008680916
S0620,16.119420121395656,86.10354691013686,83.40461051790348,0,0,1,73.80137321006175
S0621,11.047627722773441,94.30978902325373,57.004187630724026,1,0,2,78.07613008851945
S0622,17.357341785679978,79.6522167093392,78.29732417879174,1,1,2,50.64926205088135
S0623,24.41012248237517,,78.11396554491591,1,0,1,103.32655409421385
S0624,21.727100230774887,70.63109204243119,58.51736711247382,1,0,3,72.53637022451952
S0625,,84.78090732484034,,1,1,1,85.46380455508799
S0626,12.443921617844074,50.16091318021393,85.37931918412554,0,0,2,62.458624946705605
S0627,10.051975898707095,80.97946687299203,58.77455193755586,1,0,1,79.6201485332601
S0628,14.37106539950176,67.77465052206787,60.824971789857365,1,0,2,55.457328547128824
S0629,15.278624561443474,89.7098665638542,80.17661466843502,1,0,1,81.78101757389507
S0630,20.470957592354743,54.64953199115661,72.71495310825648,1,1,2,69.6603887342125
S0631,6.537676851425903,79.41011334741953,75.51476275239523,1,0,2,75.43785755903352
S0632,,74.04864449430619,,0,0,3,85.46961045195147
S0633,,82.11627629526137,73.90695920928144,1,0,1,56.5118953316958
S0634,12.8655946502629,53.24267972414842,56.73527871688917,0,1,1,64.73262404080805
S0635,,78.99918937140657,80.47317706621448,0,0,1,81.85986421630149
S0636,,78.07422939797618,81.69589992427774,1,1,2,106.4733221182012
S0637,19.115852919809573,78.03300472080855,67.70609255931973,1,0,1,72.92876498007777
S0638,15.366589835942019,80.17438332982275,69.56523050186138,1,0,3,83.86704176885898
S0639,8.55019550129473,83.82339686131812,54.68892497444278,1,0,2,73.3954279521228
S0640,8.52460613968192,90.24944998403848,75.14254756017834,1,1,2,104.1336839213445
S0641,13.321076503549358,63.49103600641072,75.72057441714144,1,1,2,48.79167499552116
S0642,23.345107626446964,91.2524705090031,69.37808983000689,1,0,1,76.41931567004038
S0643,13.702043243181976,74.91278411317268,81.24353359870503,1,1,1,50.616839496569085
S0644,7.4842852344094695,53.852913956716556,66.6592276902006,1,1,2,37.40142644194925
S0645,13.771284679570279,52.92754646219896,75.646059258936,1,0,2,79.46193079676725
S0646,13.636382151261648,66.71191593480305,59.80335661307885,1,1,1,77.09246694221189
S0647,1.5155667852921422,89.24484885557338,69.76447849125762,1,0,1,70.72744593386697
S0648,14.728525667410938,85.3840467370458,68.25645742097164,1,1,3,73.4070886494037
S0649,13.84532734895661,89.43074823362032,72.25307922040942,0,1,1,121.47449151106886
S0650,18.48103182406709,75.86345282208046,66.30473071166641,1,1,3,71.12737292952849
S0651,24.244780474726724,72.00994989777453,68.68527404328333,0,1,2,82.65186541875113
S0652,20.632825147738785,57.372626335314195,78.26047171441506,1,0,1,65.25952770579178
S0653,13.655556547225848,66.40963768046558,65.63235762761782,1,1,1,79.42848862560905
S0654,,71.70096830869376,53.93422899261321,1,0,1,71.42649487416574
S0655,27.866799016249303,54.43002148398086,87.4958390420542,1,0,2,68.84222275905405
S0656,15.296092170072441,61.03059763556056,83.81454078690487,1,1,2,102.28347798300487
S0657,15.069646459564732,,57.07737304894381,1,1,2,92.65777444776509
S0658,14.879374564449984,86.7831557119595,76.89707805245195,1,1,3,77.05119971098846
S0659,15.990423803839274,99.91737556964748,64.97025229448657,1,0,2,40.4368209608405
S0660,14.278197940380288,96.65566656717789,72.6348721533106,0,1,1,69.58486165121145
S0661,12.131689965598818,82.12825997675958,72.94224129013493,0,1,1,115.54541346607625
S0662,12.265705293798039,71.0624026647036,67.65592199683678,1,0,3,71.54007500040437
S0663,14.836233648920008,81.80886823541164,62.16234334413603,1,0,1,91.54826358080487
S0664,12.282876144331176,,63.094589476837406,1,0,1,96.62913602928901
S0665,11.435771086614178,55.91680954616937,60.83808084518758,1,0,2,78.28445873783963
S0666,15.532151138459485,,61.681777917695555,0,1,2,62.37267552197771
S0667,13.725113912895724,91.99011428178086,69.32821709950645,0,1,3,38.470315023256674
S0668,22.519964942913443,69.1916475966522,62.842400108892484,1,1,2,85.26244812913431
S0669,1.745150958034941,,76.8205206571262,0,1,1,62.77865995764678
S0670,20.45753425961231,79.38846804310991,84.87246155335927,1,0,3,77.64225677831539
S0671,21.230425962488145,59.22381265668197,64.19946758629958,1,1,1,56.25269490615953
S0672,4.633048837959253,68.11177208261442,72.39404500535377,1,0,2,71.02143689294697
S0673,13.286562029598256,66.72556443709661,74.99685110302934,0,1,2,75.5057858235158
S0674,,51.30983542660324,74.72002270919275,0,0,1,79.02890371566447
S0675,7.962441526410894,51.209588194567765,70.75955267916088,0,1,2,58.27766718971378
S0676,11.110916562045624,91.58485218378868,,1,0,1,92.95366423142028
S0677,9.447120772670857,63.65354049864062,74.82248952680658,1,0,2,66.04657822902043
S0678,23.761352217118116,75.90393831194078,57.62337577672702,1,1,2,49.882958093201324
S0679,19.678391965737305,64.93627867943866,78.69156064389273,1,0,2,73.36464870054805
S0680,21.357775474970794,97.03396225576702,78.87290837266742,1,1,3,75.5156296353969
S0681,,62.964837943288686,62.367138958214184,0,0,1,77.40884149757639
S0682,9.354741143913854,71.48284063694675,70.37937835447602,1,1,2,95.43198605527618
S0683,12.377398668601131,93.63651252423008,76.83328992811069,1,0,2,71.45326744896211
S0684,17.44687280613959,92.09667833959043,67.90686180420639,1,0,1,73.20570563446843
S0685,8.889360955540273,59.305070892313864,80.72978047766011,1,0,2,58.45223428150359
S0686,18.56499215086194,90.13216548978552,93.6387249461936,1,0,2,87.30830254331846
S0687,13.798373009209325,72.90934433689463,62.140139673650175,1,0,1,77.76463596117155
S0688,13.125895962252013,74.14844360426775,56.18955396846225,1,0,2,68.69958409058756
S0689,,56.67399862079719,73.03818595604876,1,0,1,46.42987959801805
S0690,17.2213165574302,54.03007568785623,77.21562505126144,1,0,2,96.66618292582632
S0691,,86.39696534868827,67.69133626155231,1,1,1,56.58480053315914
S0692,20.79664901682124,74.82305761776499,84.53260663321035,1,1,3,66.13082985945442
S0693,,71.84253513075898,56.613942002767516,1,0,2,80.37516766614004
S0694,18.07967803472132,86.47541143261984,76.9291862303161,0,1,2,57.05163107074971
S0695,17.96550628984192,,63.94139179241107,1,1,2,52.59735332620285
S0696,13.452267803430049,57.94540838346768,87.19377906207296,1,0,3,43.14078625949003
S0697,16.63066511121059,80.51125747388207,89.92515353168119,1,1,2,85.81495429358453
S0698,8.744432118073485,56.76770411388428,62.33343412216652,1,0,1,66.82220632910517
S0699,19.620135096034506,,64.5044286409142,0,1,2,118.90905138709995
S0700,14.075489317785054,82.84775781335698,78.59587886979801,1,0,3,60.0846740155369
S0701,12.386384897404803,97.8307310541729,66.12869350210485,0,1,2,61.17823464856618
S0702,20.245046129184445,,69.54588782067762,1,1,2,66.51910544571898
S0703,11.478281547286205,52.852736057562716,70.2538842054241,1,0,3,78.64701982707733
S0704,7.957693518182202,64.10935373466,50.80326843802344,1,0,3,67.94694991822033
S0705,7.216854132380481,63.0852841867953,,1,1,3,84.18498321003769
S0706,18.030049756728197,,63.10272225935826,1,0,1,60.32117415017019
S0707,,95.31272902605184,65.06877177600228,1,1,2,54.27612422304628
S0708,23.77397090992182,62.477309992475305,,1,1,2,23.542657213276257
S0709,4.59035296058139,63.59748630643155,,1,1,2,41.646387480942046
S0710,23.48228184145019,87.96991312089818,78.13205186747977,1,1,2,67.22896470787416
S0711,16.05508733601309,72.486992122527,67.21037069668192,1,1,1,70.48529531410168
S0712,14.516434440648037,88.83552784775907,67.20239831504166,0,1,2,65.52844458775225
S0713,12.275404565955252,53.26830787821926,77.90371896051711,1,0,2,93.65108695780742
S0714,16.995680571760353,74.37855968366921,73.4005129456889,1,0,1,93.42045314412202
S0715,14.811826487875758,51.680680009164135,,1,0,2,69.97795518833247
S0716,20.516509410082605,53.13266017276773,79.68184660532862,0,1,1,48.091183302120555
S0717,15.571138243310198,,66.68691616816677,1,1,2,66.4994233791742
S0718,15.751508807309389,,63.87763265492249,1,0,1,66.00267909124408
S0719,13.18193893893072,76.62103411376086,59.148494734422016,0,1,2,65.14297556582913
S0720,14.715271881394663,70.55478013003533,61.74589470021045,1,0,2,64.53421644152633
S0721,16.539008844460295,67.36716631294213,99.49094425308725,1,0,2,65.1980565641279
S0722,6.449158036716872,,82.44679580736786,1,1,2,69.2018757615336
S0723,8.259072889471435,51.091169838774476,56.489256337919784,1,0,3,65.46688351776665
S0724,18.716320470113576,83.18948430877946,56.7754204325643,1,1,1,78.12483762938388
S0725,,98.16972171067752,74.81866061718492,0,0,1,80.40553073857292
S0726,14.080083318236603,78.0084091730921,75.47264797377967,1,1,3,61.34032369226265
S0727,15.092169665326965,96.84112310165459,75.48883835317365,1,1,1,94.0659798901055
S0728,16.737908526808354,52.612893964301186,,1,0,3,60.29906547239079
S0729,12.301201598453193,70.93966595370807,68.745457399971,1,1,3,50.73299079276994
S0730,,63.007889548102554,73.27879524159357,1,1,2,80.71167107047577
S0731,15.979226275488408,86.54104824903649,70.85893006293331,1,0,3,62.7388779837849
S0732,10.10813611192484,99.06485452486234,47.80699627252465,0,0,1,79.81937206136082
S0733,17.041263778572358,62.82650312221239,67.70200369424806,1,1,2,38.94497098349204
S0734,6.487081978810798,82.70873007370372,61.485935657396865,1,0,2,95.88683912224602
S0735,20.14577818662822,59.904881637987,71.75211418908512,1,0,2,85.08440112060603
S0736,17.362987412065216,78.2665127285805,99.85259002603411,1,0,3,52.49285176255498
S0737,,73.19662433441681,73.67481665474304,0,0,1,52.818343142305714
S0738,19.91345491972757,98.60026648157685,66.86470313827603,1,1,2,100.08398856146292
S0739,23.32737222231288,80.42636363482333,79.21801501977252,1,0,2,63.939301447530625
S0740,20.07185032509065,,74.82687887209212,1,0,2,62.487227269010646
S0741,5.795628843341774,55.704789244396665,74.20094490451841,1,0,1,41.009218587760756
S0742,8.602115166321493,57.56234143674673,76.06850593215671,1,0,2,69.73832691597669
S0743,11.875907111521606,61.26584649756175,90.56543564829542,0,1,3,71.58420577746371
S0744,15.130455251054169,62.5483330670149,58.69111564674084,1,0,1,85.73239645154229
S0745,,92.5308028920569,74.73632076811454,0,1,3,54.01382357723287
S0746,11.371280934232672,78.06113941412625,60.73618870018461,1,0,2,52.19569811639086
S0747,15.933833822385392,76.16954556871832,75.55512646342248,1,0,2,81.76443952164715
S0748,11.223085338233387,55.73844359346087,60.81313488513906,0,1,2,90.10095106840598
S0749,11.942410985040258,93.00698466747176,65.82633186394915,1,0,1,51.432714733231755
S0750,7.966694515758888,86.14071516042418,67.04910085762094,1,1,2,91.22271129449612
S0751,10.383833769445479,53.38341809500008,79.7581671934471,1,1,3,75.56312762230232
S0752,8.241576971918331,85.39175486148844,79.18454443942414,1,0,2,91.37708008611969
S0753,10.120633735113337,77.1769108671323,57.542826235536154,1,0,3,73.94669457723575
S0754,,54.08626728733891,70.5493411099985,1,1,2,37.16583123768074
S0755,10.253005555840286,72.91503207643282,62.904201452508275,1,0,1,72.72048926525942
S0756,28.161910324186955,74.23481435650234,57.414950893246655,0,0,2,90.90215728006905
S0757,17.466589504404446,58.28872700816379,67.8298294957563,1,0,3,61.593809713744285
S0758,15.92418061847437,97.28490735001412,66.9151721154418,1,0,2,69.18052546638822
S0759,10.708211099093933,92.4987685740331,94.26716486345522,1,1,3,72.35799744673533
S0760,18.501549397044958,83.45111686645541,74.32959825360696,1,0,3,31.50729180197277
S0761,,73.11477805003037,56.22382499245763,0,0,2,100.07021363156214
S0762,15.610049073226808,70.58827707922542,64.35225995829057,0,1,1,61.47936480154238
S0763,27.800422691343975,82.5486733575477,80.21383295429399,1,0,2,82.58603148709199
S0764,,77.27159347034527,,1,0,2,73.69948295777687
S0765,20.74636663142838,53.11365529409428,54.140166877620416,0,1,2,93.8642858453904
S0766,11.484117874370563,,,1,0,2,81.09084183642122
S0767,14.825057547515192,90.32018086164197,,1,1,2,71.47613592718538
S0768,23.85400317817755,72.96199387984791,73.89614177370903,1,1,2,61.5972736122108
S0769,11.865164711061162,52.59782887771342,61.31707268123634,1,0,2,86.96776052073209
S0770,24.062242789984644,89.31390996920166,75.34629086122435,0,1,2,46.898380440680754
S0771,18.538759677277376,60.06818910679872,43.64252260983122,1,0,2,84.68835630413838
S0772,12.187666120528661,62.93104174440194,70.0337550659716,1,0,2,58.51432872667691
S0773,18.162038695277605,58.235317671614794,,1,1,2,93.7842549293496
S0774,19.86277224813365,66.51075324357488,,1,1,3,77.41949313994043
S0775,18.10904981108598,,,1,0,2,84.66185651775163
S0776,7.148876400547718,75.96929297519686,70.8568716140336,1,1,2,76.22983220737079
S0777,11.364314120875658,60.24406370753563,60.74575373940412,0,1,2,48.71434357288505
S0778,13.762406822242475,93.89150390760204,72.55383755674318,1,1,1,62.08906254906992
S0779,14.627832854499768,,61.04653677636976,1,1,1,85.08584006417074
S0780,18.103360487753392,93.52892125230034,65.91899160839779,0,0,3,77.49983726039765
S0781,15.88850500466627,61.93981056907697,60.04184605209771,1,0,2,92.71484857958508
S0782,8.323278206449494,72.56196720904941,76.51136241823657,0,1,2,81.04911844555758
S0783,16.900989255029817,,78.58451116656666,1,0,2,60.499471639460104
S0784,18.052928726419115,88.60062381549952,,1,1,1,63.05903793419049
S0785,,51.35837106127799,70.38237994960028,1,0,2,76.54376085784855
S0786,20.403903627773108,53.2602295630246,55.51408585366456,1,0,2,40.28933900999842
S0787,19.16961077274452,73.19656884061664,67.00323351993212,1,0,2,100.10162828434477
S0788,17.295900396142184,95.461010293078,69.49795382958256,1,1,2,81.62620104566336
S0789,14.649171442706765,76.93508989763572,96.20793091029975,1,0,1,93.40551895573309
S0790,6.6951953324200435,74.89062540171452,58.88032974225837,1,1,1,51.29094088786246
S0791,17.148091095662927,55.27368499783153,84.64177238752437,0,0,3,93.66847740532884
S0792,16.038438435815557,82.8390052362147,79.96858773465809,1,0,2,108.47248366541623
S0793,16.357894185976868,91.10515803001127,,0,0,2,55.18682466934024
S0794,8.616257120898453,69.02100037537812,87.58620484195134,1,1,1,86.5710269235565
S0795,9.594717297958688,88.78059254626638,,1,0,1,75.01664917030939
S0796,20.26576426666452,98.22383269504058,73.89159195667929,0,0,2,51.83349227627633
S0797,14.802224230716725,60.188322956384454,69.46879346982455,1,0,2,82.39325957777805
S0798,18.40750348686312,76.16648155973706,82.23568882418627,1,0,2,87.50404807256022
S0799,15.141591880652307,64.35689790422877,80.96469233810883,1,1,1,65.9831017099673
S0800,15.148780697478726,,63.743227125037876,0,1,2,92.48874780382835
S0801,19.691419029879988,78.87966829405788,56.80752805401232,1,0,1,49.998548898162035
S0802,12.419776358913131,81.72912087751519,67.97019362604343,1,1,1,52.57865780325534
S0803,15.480603884704918,89.8957079807947,61.999614356023535,1,1,2,77.04896093383128
S0804,12.688623556474788,69.79852363312274,69.36475425384644,1,0,1,75.38077916958407
S0805,12.827518862838422,95.75450342035217,82.37438134684139,1,1,1,64.25139767363842
S0806,13.454139382656804,76.65144336230699,65.4269834491321,0,1,2,87.14391653957829
S0807,16.110668858168566,57.8977411417674,69.57176618688425,1,0,2,82.96341471323925
S0808,12.606256891682612,84.79495590844013,70.58022734808395,1,0,3,87.87208606401023
S0809,21.278780627867604,89.66306752191272,78.48430882205284,1,1,2,73.15295346971598
S0810,10.526963488902481,,47.53110666015395,1,1,1,84.03870401967511
S0811,,92.85896284993765,63.932997052347034,1,0,1,68.31524545455008
S0812,12.801344708629125,95.30716273828833,72.11283692279473,1,0,3,105.80728035129894
S0813,22.234889421768663,63.84522436889045,82.00078956426862,1,0,2,62.81181344817021
S0814,15.982773882557874,99.1760736357611,65.08097552493795,1,1,2,106.57946144187468
S0815,,57.03557640243792,51.23447293958126,1,1,1,75.52331920634113
S0816,7.572198134815141,60.1007834201245,,1,1,2,54.367336656468865
S0817,16.335251329346296,59.21124196190131,63.646376111743706,1,0,1,95.52119025732901
S0818,19.448153978117183,94.69948550039352,58.103333409096386,1,1,2,76.88852082592439
S0819,15.411419946377121,82.7146276162481,63.75654610286776,1,1,3,87.76686147570356
S0820,20.327401875326757,57.60521416111364,68.15474642344151,1,0,3,93.3578387781389
S0821,12.413557749498139,72.01617091841744,63.952553354617876,1,0,2,80.06933331217537
S0822,,80.76490125349011,47.944339429009304,1,1,2,66.11638732780779
S0823,26.49449061809625,54.173204249469165,,1,1,3,89.63570066503875
S0824,13.185807197801704,,82.74875041278722,0,0,2,75.01133261181893
S0825,12.77248739299614,,76.51521991339506,0,1,1,85.28786727912629
S0826,22.266922385588504,75.26033867883191,,1,0,2,42.69404139312808
S0827,22.897860728653562,98.35633076295852,67.98508466052482,1,1,1,81.70472575514778
S0828,12.385699864233658,70.88804896375498,69.93478684770542,1,1,2,65.42121262282456
S0829,12.899065914520714,99.20551595182489,75.9879438956191,1,1,2,99.79964455767796
S0830,13.591076955697464,83.39599994018135,76.68340488718081,1,1,2,84.34631021833643
S0831,8.277747444828615,81.73356366269707,62.65826201221504,0,1,2,78.59786618773946
S0832,10.406740267579009,58.29774476478925,70.8199555641356,1,0,1,82.29464990025332
S0833,9.97929616623966,94.0963879152322,74.57280404615241,0,1,2,60.02338720684923
S0834,11.161012174479357,71.37448439603077,84.55822322146767,0,0,3,99.34885035792081
S0835,14.826575563066093,,77.04506539824723,1,0,2,104.87055627625357
S0836,16.171073662682602,50.630375998787954,77.89056687375519,1,0,2,80.89370265822325
S0837,,77.98778418191912,70.8382662792936,0,0,3,98.85605352860458
S0838,10.008229796306045,,84.10459145203504,1,1,3,66.462777019912
S0839,19.921611992382918,85.96768111845793,,1,0,1,63.04329650662529
S0840,13.930055778872456,94.51290265089011,,1,1,1,75.61387123093384
S0841,14.752681451737836,53.97032923215148,84.0336997012519,1,1,2,81.52411557551848
S0842,18.37409746083302,86.57482451701811,76.97903272539028,1,0,3,69.09019978135319
S0843,9.386389892188507,,65.56955978871518,0,1,3,29.009634960387636
S0844,16.912048730920255,92.9088526578582,65.20507032600757,1,0,3,79.59584223110122
S0845,15.83226104106528,,72.96575545140762,0,0,2,60.02539837063418
S0846,,77.03968774927722,74.63184795267584,0,1,2,82.78189526177582
S0847,16.44584321953909,85.51213993116558,71.97292265631206,1,0,1,87.95292363782282
S0848,27.27650069955447,,73.11308673442885,1,0,1,77.57203976385587
S0849,11.81130007874342,73.55839494664073,86.9995737457638,1,1,2,92.28972154892539
S0850,12.345015224990911,91.08184488552358,80.71543152234887,1,1,2,56.73894309754572
S0851,11.884297367876178,72.96325985866069,71.90635591265024,1,0,2,82.01925633197777
S0852,12.222614404198726,67.88991326627209,79.41310580767484,0,1,2,57.44578940404838
S0853,11.813064363467412,74.710622362515,59.674760964724605,0,1,1,58.28877962650368
S0854,20.94508265553776,91.41246262186093,73.97927049946809,0,1,2,65.53603749393315
S0855,22.102521239949276,66.76040236854364,88.0930634973311,0,0,1,60.869097246386325
S0856,,58.68807965678719,67.81954104607627,1,1,2,66.78006271888293
S0857,10.838222134478857,85.60070101653903,61.52366071380915,1,1,2,71.78774533933216
S0858,17.35707778193202,91.2989106354041,63.4791111140694,0,1,2,87.55731729497077
S0859,12.238884778595143,55.031873926176665,59.10366962657612,1,1,3,70.18261441941446
S0860,18.164659088777555,61.993705637797234,62.15238091872297,1,0,1,51.21561439845611
S0861,16.0146151042565,57.09859948804969,66.2949190140997,1,0,2,92.10101769742741
S0862,7.42127942501384,67.39707057910833,55.94432980821358,0,0,2,62.443647995774406
S0863,22.737526006650306,72.51754894527063,70.15618333949602,0,0,2,74.11919359343057
S0864,23.97938836547761,87.44131684816531,79.02277173786648,0,1,3,81.69804760411067
S0865,11.936056547578069,82.5573792440837,60.9224381985308,0,0,2,77.99415627604174
S0866,13.06149220032008,81.04642837392156,85.19283923641768,1,1,3,91.41269321282213
S0867,16.429326953624525,,75.10792088527595,1,1,1,82.18504715089138
S0868,,92.072377654238,80.30580585624057,1,0,3,62.08035630454338
S0869,18.29272136336415,73.56435836990823,63.42165446147863,1,0,1,107.67843260987493
S0870,25.051022693831747,98.95524690075773,78.54525227066615,1,1,3,77.9150019500735
S0871,14.115263862529753,,59.08066099604687,1,1,2,72.78989660067741
S0872,11.008513777307732,56.313237078225136,78.90247500836509,0,0,2,89.45888134583356
S0873,8.103403859927365,,71.71839339793532,1,0,2,78.74176418895108
S0874,11.345349800290405,66.25520077158495,75.53251219984784,1,1,3,80.98842289408991
S0875,,84.31635983430488,58.24405394375148,0,1,1,112.3827599790103
S0876,23.97278931758894,53.48205740812028,61.049301577233955,0,0,2,70.8731785761743
S0877,51.479230350032594,58.744071858797966,75.97228218253385,1,1,3,70.23358658973906
S0878,16.118939758194493,92.78686294528931,60.51651995775799,1,0,2,76.74867768018696
S0879,14.91788551963624,61.358977851175744,74.63206292099123,1,0,1,91.07273903371558
S0880,20.94196636724042,,56.32862193539754,1,0,2,52.40198954714401
S0881,,63.96380442272052,78.48174212666669,1,0,2,45.51666162785242
S0882,12.345656135398396,82.14409550293539,57.67476685231491,0,0,3,66.19327094069779
S0883,12.55280278740889,84.70752867549155,75.52299937679523,1,0,2,50.491155614110696
S0884,20.22080438534536,75.63273765725265,,0,0,2,68.62752978711542
S0885,,65.26553383483656,63.03228181570425,0,0,3,82.53749544193936
S0886,24.23353662868017,60.632218818554804,75.82026567084726,1,0,2,61.63876704671605
S0887,17.919640926629818,51.659467728121314,72.60442263333556,1,1,1,53.597601348279866
S0888,13.203539546064702,65.1973200620362,64.61158143807262,1,0,1,76.04005742573023
S0889,17.953274153461546,82.65813952656416,59.91445315923792,1,0,2,87.93815226922756
S0890,20.543517902914537,96.91524092242413,50.373743083274206,1,1,1,49.575398422250814
S0891,19.102410905986822,93.5602241131526,73.49650047299694,1,1,3,87.30348597458976
S0892,17.53637015553649,88.30323882676512,54.35197228637945,0,0,2,87.25959305607489
S0893,20.333373447945768,89.42236716266493,70.95344199441308,0,1,1,89.31127653234942
S0894,20.846477952228362,83.24924517379976,67.36551783917751,1,1,2,93.2772032230753
S0895,21.910794955187637,63.01434287830015,76.79142775438196,1,1,2,108.03020886989424
S0896,18.243549437948214,95.3597515352915,66.97954500510136,1,0,3,69.65861927071417
S0897,14.164409598415729,83.53661559529169,66.70552213652908,1,1,3,76.64357370116787
S0898,15.733568432166614,,77.31870704288295,1,0,2,68.75342350127961
S0899,21.032544832541785,55.54947346067405,73.35058029084118,0,1,2,75.02965267133716
S0900,10.91532164506382,,73.16155957182778,1,1,2,97.99310033454468
S0901,,73.01791356009632,74.69267589808527,1,0,2,54.82478274103997
S0902,13.033305938363197,93.2281804761335,54.64427876792894,1,1,1,62.08425491751637
S0903,,77.33241100938943,77.56788679986983,1,0,1,95.65771404756842
S0904,21.392259313036494,69.02002744852048,76.12468794013603,1,1,2,90.30054760353134
S0905,15.955495340099517,98.84001642553297,59.83316871423503,1,0,1,69.55302529774383
S0906,15.232182740780743,55.536029666315784,,1,0,1,87.8160300168108
S0907,8.200719295100404,71.12742141559723,69.6069271237237,1,0,2,80.1182376373805
S0908,18.731267830136105,52.10123375857027,68.65503215598267,1,1,1,97.50411913501482
S0909,18.227420905705376,86.99520603834651,73.33859966568535,1,0,2,76.11764390740159
S0910,25.8162736165273,95.90382760995753,,1,0,2,90.38448170808874
S0911,13.461108825234996,64.00186647752447,80.81766727672829,0,0,3,114.63017865738931
S0912,16.095751638319694,92.91708383995604,56.87780806568594,1,1,2,83.97148732571199
S0913,16.246918418553776,64.61091152309488,76.22069990306049,1,1,1,75.73992248692265
S0914,22.887266398817374,95.53850808219576,83.28933319535409,1,0,2,85.8367047783147
S0915,14.52352233806524,87.6980951798392,73.86808520689203,1,0,3,69.52078712694173
S0916,16.395107628851697,90.24533884207193,80.90980425185967,1,0,3,110.81951558287099
S0917,18.039482548582697,50.90032778002273,90.12270445700764,1,0,2,77.70106556543972
S0918,15.93304561578179,,80.23709546106981,1,0,2,70.90600019661731
S0919,12.767831927247359,86.33354960351616,72.49308595641729,1,1,3,62.464664924699456
S0920,15.970449964491538,65.23755476930667,80.45088474084753,0,0,1,91.45830287409657
S0921,20.36815874929886,91.46973324294234,71.44887833096891,1,0,2,88.00781119241609
S0922,9.8674235029447,64.0760599207465,70.23903043284956,0,0,2,67.5396844287886
S0923,15.66484837073438,93.6376919783064,66.48585764286267,1,1,1,83.64677017683634
S0924,11.499395925304134,55.62901952059685,85.63413358832108,1,1,2,52.37166047680715
S0925,,85.18429887303978,61.81571334057999,1,1,1,77.77455862609735
S0926,,77.03492383224551,85.32367724678116,1,0,2,81.79134528115041
S0927,12.205390763642058,54.82672350977204,74.99864123740372,1,0,3,100.60994714338834
S0928,16.886059375322603,62.09469141294195,,0,0,1,63.43771795906966
S0929,22.827620146171704,50.62020181386574,73.67649292991422,1,0,3,55.824710567965134
S0930,14.67124869463506,73.43839827322529,48.99973492348376,1,1,1,61.56858058612438
S0931,12.224002366534009,65.06326303800002,76.25508016831036,0,1,2,54.9514724952762
S0932,24.40578534720295,79.91787421488795,78.8523148298899,0,1,1,95.04986036638475
S0933,7.75993049791878,64.86189038543085,64.07644044347947,1,1,3,98.22958942536056
S0934,,64.99595557534923,71.23547695955583,1,0,2,79.80324866923243
S0935,17.20007225026666,87.15965993658017,89.54157433750287,1,1,2,93.31942418527723
S0936,12.489728878236944,52.40714179891767,,1,0,3,77.00937570870353
S0937,9.893835914346434,95.14474975959936,59.410924129433994,1,0,2,73.5733252844885
S0938,18.541782236496765,92.61319371955906,84.81663402462598,1,1,3,70.00443571419358
S0939,16.219003568855996,83.39023416132034,89.62587190530795,1,0,2,70.34413512933652
S0940,12.179606846316357,79.66107850536922,70.03695671847848,1,0,3,51.782976655364536
S0941,8.598478006645529,94.61512490698262,80.11463035408356,1,0,2,78.96382145411009
S0942,19.362286641400722,59.26650897643572,83.41475915530881,1,1,1,74.39499134678934
S0943,18.251005889793305,53.948458109541434,62.57515767461616,1,1,2,86.18041086116814
S0944,14.504120681103085,61.9755084954769,65.14694164632132,1,0,1,76.40285244657915
S0945,24.233184980238327,89.72891393500952,82.30874513154735,0,1,2,72.55944447646363
S0946,9.649576168369236,51.733513336324165,86.85014278708509,1,0,2,61.93210454988554
S0947,7.372374145376305,79.14034175417449,75.62880860174354,1,0,2,76.08229855232642
S0948,11.540459650593778,99.7718758095655,61.20185646497946,1,1,1,86.07355846224243
S0949,14.772069918222511,92.78480469187697,,1,1,1,57.84991513374209
S0950,16.21669724661346,76.07228445217947,64.69029102188036,1,1,2,76.31210630521109
S0951,13.793819710718351,53.18204546433212,66.64862218828549,0,0,3,78.49564427294226
S0952,16.760276982571483,,73.42337834489622,1,1,2,64.22902824572603
S0953,43.09883570675872,79.94892540886053,85.54160420714774,1,1,2,66.18215542637999
S0954,22.218823020366298,55.746649852978344,78.53975976552223,1,1,2,78.45916273149322
S0955,14.589244108037157,54.69286424116781,74.1486550036191,1,0,2,57.99868472561066
S0956,20.586479157940637,95.48134097182961,74.63288530118106,1,1,1,80.24885572874089
S0957,,83.46001314690392,70.43514668643466,1,1,2,61.569684395112
S0958,17.283766095768918,91.46433996583778,,1,0,1,90.94280539549824
S0959,17.84883640116102,93.94894501411336,44.70439922305697,1,0,3,110.0674161808245
S0960,17.238542800086574,78.58861760241611,67.03392540930201,1,0,1,62.08864797447271
S0961,18.21361379933772,,72.4132193491678,1,1,2,83.01311793562012
S0962,21.645762650662157,71.5213705160495,58.48985916380493,0,1,1,64.0988714267697
S0963,15.982605848507351,,73.86323317811559,1,1,1,90.61431260696685
S0964,18.54501878794256,,67.95528779013878,1,1,2,56.021123863721776
S0965,14.551321528563866,88.69398278650782,87.5547569831549,1,1,1,82.20880137641569
S0966,22.200586077247365,80.09617155075658,,1,0,1,61.905165496659706
S0967,11.61803848970365,94.62616449774231,65.34194430881837,1,0,2,71.89523116352447
S0968,24.00470216455408,72.16900071895938,,0,0,1,59.5346208727904
S0969,14.799210246778284,80.35447893593769,69.26052434391607,1,0,1,87.3352570634363
S0970,7.8461244894097595,81.56537765459944,65.48340523840378,1,0,3,62.445294683406196
S0971,15.640522074553946,79.58485811531628,,1,1,2,83.27946388997742
S0972,11.594741712625595,85.13168865427582,62.4171793111241,0,0,3,69.838529576065
S0973,19.203217744943622,61.871673418740315,58.693846650624735,1,0,3,73.28291442301706
S0974,11.736880103488046,75.61818887728953,76.22711223900268,1,0,2,77.21633861100193
S0975,12.769082833926102,55.21124014041738,76.29529584221811,0,0,1,63.57262992511727
S0976,5.552296345272346,69.22556638224063,61.956842403400074,1,1,2,78.1555067031133
S0977,12.738468403754617,74.38335343106323,78.95355430762599,0,1,3,97.95501846531616
S0978,,82.61121297727362,63.68422270834669,1,1,2,63.328578212509285
S0979,7.0804858825713834,97.52655262931017,72.53165238037981,1,0,2,92.57715214910768
S0980,18.802073280721487,80.03255332741779,78.20344012612456,1,1,1,97.47146450231676
S0981,18.92900079325416,87.17969580882799,,1,1,3,62.75767516457934
S0982,17.127287808924823,75.31330297476013,74.54740912141135,1,1,2,53.17418092364172
S0983,10.165119284353935,81.70520156881656,64.83570356112428,0,0,3,79.52941350257647
S0984,14.7614432192901,53.54661080668867,,0,1,1,66.7888871584969
S0985,14.981987304547157,62.71957904209235,67.9414056911966,1,1,1,103.02904828744504
S0986,9.208176554037287,68.09265466025693,62.53421653459761,1,1,1,75.52211310749749
S0987,22.51699150883575,73.62466775032567,68.23225836884218,1,1,2,62.96700887947231
S0988,19.386811452878355,52.282437275119186,54.51381701136253,1,0,1,57.792607334824325
S0989,13.89517913085168,57.001204877665884,65.08846252857896,1,1,1,91.34857438636246
S0990,15.134429194972654,63.84071538956529,67.15124506630329,1,0,3,66.4322403887372
S0991,16.04191403973776,,67.4382024750462,1,1,1,75.65743199190642
S0992,4.791325657878547,66.56735035515254,67.58502554129221,1,0,3,89.33704117668721
S0993,13.764113087397016,74.10205290560413,69.38235800139871,1,0,2,67.73612472103754
S0994,11.590078760011007,59.80488563691965,74.79441518086064,0,0,3,74.31106756889758
S0995,9.991899950525422,80.5390035537884,78.74517074132523,1,1,2,74.7514738526622
S0996,13.594498535570226,64.03416077579871,63.50234773151733,0,0,3,85.24986767274137
S0997,,,57.967991446108556,1,1,3,83.86116503265488
S0998,18.20421430633505,75.82863142229895,,1,1,1,71.69829403117757
S0999,12.144105051086015,50.27528995802104,65.12797078805073,1,0,1,75.95473592244777
S1000,17.862913906780793,50.383201632461265,66.48078682183491,1,0,1,69.42331482714768
